{"cameraMode":{"drawMode":0,"name":"Shaded","section":"Shading Mode"},"sceneLighting":false,"audioPlay":false,"sceneViewState":{"showFog":true,"showMaterialUpdate":false,"showSkybox":false,"showFlares":true,"showImageEffects":true,"showParticleSystems":true},"in2DMode":false,"pivot":{"x":310.1946105957031,"y":16.566665649414064,"z":227.75759887695313},"rotation":{"x":0.004717944655567408,"y":0.9235780239105225,"z":-0.011371339671313763,"w":0.3832128942012787},"size":33.01028060913086,"orthographic":false}