{"cameraMode":{"drawMode":0,"name":"Shaded","section":"Shading Mode"},"sceneLighting":false,"audioPlay":false,"sceneViewState":{"showFog":true,"showMaterialUpdate":false,"showSkybox":false,"showFlares":true,"showImageEffects":true,"showParticleSystems":true},"in2DMode":false,"pivot":{"x":-0.6906075477600098,"y":-0.70393967628479,"z":0.6368913650512695},"rotation":{"x":-0.024917718023061754,"y":0.9689962863922119,"z":-0.10977919399738312,"w":-0.21994084119796754},"size":15.992950439453125,"orthographic":false}