{"cameraMode":{"drawMode":0,"name":"Shaded","section":"Shading Mode"},"sceneLighting":false,"audioPlay":false,"sceneViewState":{"showFog":true,"showMaterialUpdate":false,"showSkybox":false,"showFlares":true,"showImageEffects":true,"showParticleSystems":true},"in2DMode":false,"pivot":{"x":-0.01251193881034851,"y":0.0003428459167480469,"z":-0.2573559284210205},"rotation":{"x":0.018450209870934488,"y":0.5877735018730164,"z":-0.013409998267889023,"w":0.8087040185928345},"size":2.497939109802246,"orthographic":false}