{"cameraMode":{"drawMode":0,"name":"Shaded","section":"Shading Mode"},"sceneLighting":false,"audioPlay":false,"sceneViewState":{"showFog":true,"showMaterialUpdate":false,"showSkybox":false,"showFlares":true,"showImageEffects":true,"showParticleSystems":true},"in2DMode":false,"pivot":{"x":-0.722442626953125,"y":1.1130173206329346,"z":-0.49259233474731448},"rotation":{"x":0.06058013066649437,"y":0.9210455417633057,"z":-0.15934690833091737,"w":0.35016247630119326},"size":8.071419715881348,"orthographic":false}