{"cameraMode":{"drawMode":0,"name":"Shaded","section":"Shading Mode"},"sceneLighting":false,"audioPlay":false,"sceneViewState":{"showFog":true,"showMaterialUpdate":false,"showSkybox":false,"showFlares":true,"showImageEffects":true,"showParticleSystems":true},"in2DMode":false,"pivot":{"x":0.006051898002624512,"y":1.1518505811691285,"z":-0.24715161323547364},"rotation":{"x":0.005469398107379675,"y":0.9932306408882141,"z":-0.05250229686498642,"w":0.10347217321395874},"size":2.987044095993042,"orthographic":false}