{"cameraMode":{"drawMode":0,"name":"Shaded","section":"Shading Mode"},"sceneLighting":false,"audioPlay":false,"sceneViewState":{"showFog":true,"showMaterialUpdate":false,"showSkybox":false,"showFlares":true,"showImageEffects":true,"showParticleSystems":true},"in2DMode":false,"pivot":{"x":397.9114074707031,"y":445.05078125,"z":-31.805423736572267},"rotation":{"x":0.15654876828193665,"y":-0.8434335589408875,"z":0.366395503282547,"w":0.3603702187538147},"size":19.08411979675293,"orthographic":false}