{"cameraMode":{"drawMode":0,"name":"Shaded","section":"Shading Mode"},"sceneLighting":false,"audioPlay":false,"sceneViewState":{"showFog":true,"showMaterialUpdate":false,"showSkybox":false,"showFlares":true,"showImageEffects":true,"showParticleSystems":true},"in2DMode":false,"pivot":{"x":0.0820000022649765,"y":-0.10473480820655823,"z":0.03465968370437622},"rotation":{"x":-0.1333538144826889,"y":-0.8570128083229065,"z":0.41431352496147158,"w":-0.2758444547653198},"size":0.5529872179031372,"orthographic":false}