{"cameraMode":{"drawMode":0,"name":"Shaded","section":"Shading Mode"},"sceneLighting":false,"audioPlay":false,"sceneViewState":{"showFog":true,"showMaterialUpdate":false,"showSkybox":false,"showFlares":true,"showImageEffects":true,"showParticleSystems":true},"in2DMode":false,"pivot":{"x":309.0193786621094,"y":18.837383270263673,"z":228.68626403808595},"rotation":{"x":0.12269525974988938,"y":-0.5668191909790039,"z":0.08584664016962052,"w":0.8101187348365784},"size":11.123030662536621,"orthographic":false}