{"cameraMode":{"drawMode":0,"name":"Shaded","section":"Shading Mode"},"sceneLighting":false,"audioPlay":false,"sceneViewState":{"showFog":true,"showMaterialUpdate":false,"showSkybox":false,"showFlares":true,"showImageEffects":true,"showParticleSystems":true},"in2DMode":false,"pivot":{"x":-0.0014498233795166016,"y":-0.043432630598545077,"z":-0.01592566817998886},"rotation":{"x":-0.0515362024307251,"y":-0.2596970796585083,"z":0.013880597427487374,"w":-0.9642140865325928},"size":0.40651142597198489,"orthographic":false}