{"cameraMode":{"drawMode":0,"name":"Shaded","section":"Shading Mode"},"sceneLighting":false,"audioPlay":false,"sceneViewState":{"showFog":true,"showMaterialUpdate":false,"showSkybox":false,"showFlares":true,"showImageEffects":true,"showParticleSystems":true},"in2DMode":false,"pivot":{"x":-0.19457346200942994,"y":0.037876129150390628,"z":-1.7885178327560425},"rotation":{"x":-0.3521215617656708,"y":-0.6275068521499634,"z":0.5810763835906982,"w":-0.38025757670402529},"size":12.014425277709961,"orthographic":false}