{"cameraMode":{"drawMode":0,"name":"Shaded","section":"Shading Mode"},"sceneLighting":false,"audioPlay":false,"sceneViewState":{"showFog":true,"showMaterialUpdate":false,"showSkybox":false,"showFlares":true,"showImageEffects":true,"showParticleSystems":true},"in2DMode":false,"pivot":{"x":-0.13069409132003785,"y":-0.8024821281433106,"z":0.7439266443252564},"rotation":{"x":0.47140491008758547,"y":0.1750268042087555,"z":-0.09604939073324204,"w":0.8590213060379028},"size":2.0278940200805666,"orthographic":false}