{"cameraMode":{"drawMode":0,"name":"Shaded","section":"Shading Mode"},"sceneLighting":false,"audioPlay":false,"sceneViewState":{"showFog":true,"showMaterialUpdate":false,"showSkybox":false,"showFlares":true,"showImageEffects":true,"showParticleSystems":true},"in2DMode":false,"pivot":{"x":-0.18013834953308106,"y":2.2104005813598635,"z":1.0346074104309083},"rotation":{"x":-0.04027358815073967,"y":-0.9597256779670715,"z":0.1970464140176773,"w":-0.19615639746189118},"size":1.5000386238098145,"orthographic":false}