{"cameraMode":{"drawMode":0,"name":"Shaded","section":"Shading Mode"},"sceneLighting":false,"audioPlay":false,"sceneViewState":{"showFog":true,"showMaterialUpdate":false,"showSkybox":false,"showFlares":true,"showImageEffects":true,"showParticleSystems":true},"in2DMode":false,"pivot":{"x":321.67547607421877,"y":21.29132080078125,"z":227.54788208007813},"rotation":{"x":0.1302943080663681,"y":-0.5154544115066528,"z":0.07964977622032166,"w":0.8431999087333679},"size":33.0294075012207,"orthographic":false}