{"cameraMode":{"drawMode":0,"name":"Shaded","section":"Shading Mode"},"sceneLighting":false,"audioPlay":false,"sceneViewState":{"showFog":true,"showMaterialUpdate":false,"showSkybox":false,"showFlares":true,"showImageEffects":true,"showParticleSystems":true},"in2DMode":false,"pivot":{"x":0.0032164212316274645,"y":0.00017067650333046913,"z":-0.0007456662133336067},"rotation":{"x":0.07063872367143631,"y":0.893930196762085,"z":-0.15189427137374879,"w":0.4157247841358185},"size":0.020956099033355714,"orthographic":false}