{"cameraMode":{"drawMode":0,"name":"Shaded","section":"Shading Mode"},"sceneLighting":false,"audioPlay":false,"sceneViewState":{"showFog":true,"showMaterialUpdate":false,"showSkybox":false,"showFlares":true,"showImageEffects":true,"showParticleSystems":true},"in2DMode":false,"pivot":{"x":0.10520744323730469,"y":-0.22664856910705567,"z":1.0867955684661866},"rotation":{"x":0.07131731510162354,"y":0.691270649433136,"z":-0.06887725740671158,"w":0.715761661529541},"size":11.806072235107422,"orthographic":false}