{"cameraMode":{"drawMode":0,"name":"Shaded","section":"Shading Mode"},"sceneLighting":false,"audioPlay":false,"sceneViewState":{"showFog":true,"showMaterialUpdate":false,"showSkybox":false,"showFlares":true,"showImageEffects":true,"showParticleSystems":true},"in2DMode":false,"pivot":{"x":0.2451171875,"y":0.0576171875,"z":-0.15222740173339845},"rotation":{"x":0.5249351859092712,"y":0.47185826301574709,"z":-0.5393033623695374,"w":0.4592873156070709},"size":2.980304479598999,"orthographic":true}