{"cameraMode":{"drawMode":0,"name":"Shaded","section":"Shading Mode"},"sceneLighting":false,"audioPlay":false,"sceneViewState":{"showFog":true,"showMaterialUpdate":false,"showSkybox":false,"showFlares":true,"showImageEffects":true,"showParticleSystems":true},"in2DMode":false,"pivot":{"x":-0.2769924998283386,"y":0.14706096053123475,"z":3.7517929077148439},"rotation":{"x":0.04983574524521828,"y":0.9487060308456421,"z":-0.24609917402267457,"w":0.19211606681346894},"size":0.8747860789299011,"orthographic":false}