{"cameraMode":{"drawMode":0,"name":"Shaded","section":"Shading Mode"},"sceneLighting":false,"audioPlay":false,"sceneViewState":{"showFog":true,"showMaterialUpdate":false,"showSkybox":false,"showFlares":true,"showImageEffects":true,"showParticleSystems":true},"in2DMode":false,"pivot":{"x":67.06066131591797,"y":-139.8386688232422,"z":-247.9177703857422},"rotation":{"x":0.06058013066649437,"y":0.9210455417633057,"z":-0.15934690833091737,"w":0.35016247630119326},"size":1.4497580528259278,"orthographic":false}