{"cameraMode":{"drawMode":0,"name":"Shaded","section":"Shading Mode"},"sceneLighting":false,"audioPlay":false,"sceneViewState":{"showFog":true,"showMaterialUpdate":false,"showSkybox":false,"showFlares":true,"showImageEffects":true,"showParticleSystems":true},"in2DMode":false,"pivot":{"x":309.08880615234377,"y":15.074848175048829,"z":228.4967498779297},"rotation":{"x":-0.024917718023061754,"y":0.9689962863922119,"z":-0.10977919399738312,"w":-0.21994084119796754},"size":28.15019416809082,"orthographic":false}