{"cameraMode":{"drawMode":0,"name":"Shaded","section":"Shading Mode"},"sceneLighting":false,"audioPlay":false,"sceneViewState":{"showFog":true,"showMaterialUpdate":false,"showSkybox":false,"showFlares":true,"showImageEffects":true,"showParticleSystems":true},"in2DMode":false,"pivot":{"x":2.4842071533203127,"y":-3.0753440856933595,"z":-0.4291839599609375},"rotation":{"x":-0.5768866539001465,"y":-0.2209584265947342,"z":0.16582542657852174,"w":-0.7686879634857178},"size":83.71004486083985,"orthographic":false}