{"cameraMode":{"drawMode":0,"name":"Shaded","section":"Shading Mode"},"sceneLighting":false,"audioPlay":false,"sceneViewState":{"showFog":true,"showMaterialUpdate":false,"showSkybox":false,"showFlares":true,"showImageEffects":true,"showParticleSystems":true},"in2DMode":false,"pivot":{"x":-0.035477638244628909,"y":0.79456627368927,"z":0.3192597031593323},"rotation":{"x":-0.06424348801374436,"y":0.7804048657417297,"z":-0.0813063308596611,"w":-0.6166282296180725},"size":2.8110246658325197,"orthographic":false}