{"cameraMode":{"drawMode":0,"name":"Shaded","section":"Shading Mode"},"sceneLighting":false,"audioPlay":false,"sceneViewState":{"showFog":true,"showMaterialUpdate":false,"showSkybox":false,"showFlares":true,"showImageEffects":true,"showParticleSystems":true},"in2DMode":false,"pivot":{"x":-139.3536376953125,"y":127.48754119873047,"z":43.99209976196289},"rotation":{"x":-0.1363203078508377,"y":0.6168756484985352,"z":-0.10958398878574372,"w":-0.7673803567886353},"size":2.6041653156280519,"orthographic":false}