{"cameraMode":{"drawMode":0,"name":"Shaded","section":"Shading Mode"},"sceneLighting":false,"audioPlay":false,"sceneViewState":{"showFog":true,"showMaterialUpdate":false,"showSkybox":false,"showFlares":true,"showImageEffects":true,"showParticleSystems":true},"in2DMode":false,"pivot":{"x":310.20062255859377,"y":15.900703430175782,"z":227.75767517089845},"rotation":{"x":-0.3190073072910309,"y":-0.2416774481534958,"z":0.08448813855648041,"w":-0.9125174880027771},"size":11.64517593383789,"orthographic":false}