{"cameraMode":{"drawMode":0,"name":"Shaded","section":"Shading Mode"},"sceneLighting":false,"audioPlay":false,"sceneViewState":{"showFog":true,"showMaterialUpdate":false,"showSkybox":false,"showFlares":true,"showImageEffects":true,"showParticleSystems":true},"in2DMode":false,"pivot":{"x":-0.8235838413238525,"y":0.8497865200042725,"z":-1.9298875331878663},"rotation":{"x":-0.16422201693058015,"y":0.7775657176971436,"z":-0.2268035113811493,"w":-0.5630123615264893},"size":4.96210241317749,"orthographic":false}