{"cameraMode":{"drawMode":0,"name":"Shaded","section":"Shading Mode"},"sceneLighting":false,"audioPlay":false,"sceneViewState":{"showFog":true,"showMaterialUpdate":false,"showSkybox":false,"showFlares":true,"showImageEffects":true,"showParticleSystems":true},"in2DMode":false,"pivot":{"x":310.1946105957031,"y":16.435998916625978,"z":227.75759887695313},"rotation":{"x":0.0530436635017395,"y":0.9465914964675903,"z":-0.23798741400241853,"w":0.21098105609416963},"size":16.309043884277345,"orthographic":false}