{"cameraMode":{"drawMode":0,"name":"Shaded","section":"Shading Mode"},"sceneLighting":false,"audioPlay":false,"sceneViewState":{"showFog":true,"showMaterialUpdate":false,"showSkybox":false,"showFlares":true,"showImageEffects":true,"showParticleSystems":true},"in2DMode":false,"pivot":{"x":306.5467224121094,"y":17.329986572265626,"z":226.9227294921875},"rotation":{"x":0.07881011068820954,"y":-0.3322286009788513,"z":-0.027869384735822679,"w":-0.9394873976707459},"size":38.562923431396487,"orthographic":false}