{"cameraMode":{"drawMode":0,"name":"Shaded","section":"Shading Mode"},"sceneLighting":false,"audioPlay":false,"sceneViewState":{"showFog":true,"showMaterialUpdate":false,"showSkybox":false,"showFlares":true,"showImageEffects":true,"showParticleSystems":true},"in2DMode":false,"pivot":{"x":0.000037503788917092606,"y":-0.000049538033636054024,"z":-0.00003541745900292881},"rotation":{"x":-0.5768866539001465,"y":-0.2209584265947342,"z":0.16582542657852174,"w":-0.7686879634857178},"size":4.200057029724121,"orthographic":false}