{"cameraMode":{"drawMode":0,"name":"Shaded","section":"Shading Mode"},"sceneLighting":false,"audioPlay":false,"sceneViewState":{"showFog":true,"showMaterialUpdate":false,"showSkybox":false,"showFlares":true,"showImageEffects":true,"showParticleSystems":true},"in2DMode":false,"pivot":{"x":0.15491247177124024,"y":1.3473892211914063,"z":0.07242536544799805},"rotation":{"x":-0.030130041763186456,"y":-0.9430978298187256,"z":-0.08909448981285095,"w":0.31893715262413027},"size":33.21281814575195,"orthographic":false}