{"cameraMode":{"drawMode":0,"name":"Shaded","section":"Shading Mode"},"sceneLighting":false,"audioPlay":false,"sceneViewState":{"showFog":true,"showMaterialUpdate":false,"showSkybox":false,"showFlares":true,"showImageEffects":true,"showParticleSystems":true},"in2DMode":false,"pivot":{"x":-0.05177280306816101,"y":0.4395497739315033,"z":0.025802820920944215},"rotation":{"x":-0.011527701281011105,"y":0.9768838882446289,"z":0.2063673436641693,"w":0.054567910730838779},"size":0.5227958559989929,"orthographic":false}