{"cameraMode":{"drawMode":0,"name":"Shaded","section":"Shading Mode"},"sceneLighting":false,"audioPlay":false,"sceneViewState":{"showFog":true,"showMaterialUpdate":false,"showSkybox":false,"showFlares":true,"showImageEffects":true,"showParticleSystems":true},"in2DMode":false,"pivot":{"x":-0.6860268115997315,"y":1.308392882347107,"z":0.26047730445861819},"rotation":{"x":-0.06108175590634346,"y":0.9264011383056641,"z":-0.17174680531024934,"w":-0.3294740319252014},"size":4.005456924438477,"orthographic":false}