{"cameraMode":{"drawMode":0,"name":"Shaded","section":"Shading Mode"},"sceneLighting":false,"audioPlay":false,"sceneViewState":{"showFog":true,"showMaterialUpdate":false,"showSkybox":false,"showFlares":true,"showImageEffects":true,"showParticleSystems":true},"in2DMode":false,"pivot":{"x":310.1946105957031,"y":24.214000701904298,"z":228.527587890625},"rotation":{"x":-0.32395318150520327,"y":0.04595216363668442,"z":-0.01575562171638012,"w":-0.9448251724243164},"size":29.315340042114259,"orthographic":false}