{"cameraMode":{"drawMode":0,"name":"Shaded","section":"Shading Mode"},"sceneLighting":false,"audioPlay":false,"sceneViewState":{"showFog":true,"showMaterialUpdate":false,"showSkybox":false,"showFlares":true,"showImageEffects":true,"showParticleSystems":true},"in2DMode":false,"pivot":{"x":1.9895062446594239,"y":6.000033855438232,"z":0.6863671541213989},"rotation":{"x":0.004614281002432108,"y":0.9852510094642639,"z":-0.026913957670331,"w":0.16892264783382417},"size":15.757702827453614,"orthographic":false}