{"cameraMode":{"drawMode":0,"name":"Shaded","section":"Shading Mode"},"sceneLighting":false,"audioPlay":false,"sceneViewState":{"showFog":false,"showMaterialUpdate":false,"showSkybox":false,"showFlares":false,"showImageEffects":false,"showParticleSystems":false},"in2DMode":false,"pivot":{"x":310.8927001953125,"y":18.85328483581543,"z":218.48043823242188},"rotation":{"x":0.18453316390514375,"y":0.08538225293159485,"z":-0.016094325110316278,"w":0.9789782166481018},"size":11.212291717529297,"orthographic":false}