{"cameraMode":{"drawMode":0,"name":"Shaded","section":"Shading Mode"},"sceneLighting":false,"audioPlay":false,"sceneViewState":{"showFog":false,"showMaterialUpdate":false,"showSkybox":false,"showFlares":false,"showImageEffects":false,"showParticleSystems":false},"in2DMode":false,"pivot":{"x":-0.022943496704101564,"y":1.3475210666656495,"z":0.07231712341308594},"rotation":{"x":0.04054907336831093,"y":0.9025412797927856,"z":-0.08719319105148316,"w":0.419729083776474},"size":27.514299392700197,"orthographic":false}