{"cameraMode":{"drawMode":0,"name":"Shaded","section":"Shading Mode"},"sceneLighting":false,"audioPlay":false,"sceneViewState":{"showFog":false,"showMaterialUpdate":false,"showSkybox":false,"showFlares":false,"showImageEffects":false,"showParticleSystems":false},"in2DMode":false,"pivot":{"x":309.52874755859377,"y":17.81886100769043,"z":228.1077117919922},"rotation":{"x":-0.02294464036822319,"y":0.94026118516922,"z":-0.3334619998931885,"w":-0.06469674408435822},"size":6.940648078918457,"orthographic":false}