{"cameraMode":{"drawMode":0,"name":"Shaded","section":"Shading Mode"},"sceneLighting":false,"audioPlay":false,"sceneViewState":{"showFog":false,"showMaterialUpdate":false,"showSkybox":false,"showFlares":false,"showImageEffects":false,"showParticleSystems":false},"in2DMode":false,"pivot":{"x":310.1946105957031,"y":24.214000701904298,"z":228.527587890625},"rotation":{"x":0.031834717839956287,"y":0.9071975946426392,"z":-0.06981883198022843,"w":0.41364771127700808},"size":30.510587692260743,"orthographic":false}