{"cameraMode":{"drawMode":0,"name":"Shaded","section":"Shading Mode"},"sceneLighting":false,"audioPlay":false,"sceneViewState":{"showFog":false,"showMaterialUpdate":false,"showSkybox":false,"showFlares":false,"showImageEffects":false,"showParticleSystems":false},"in2DMode":false,"pivot":{"x":0.01654183864593506,"y":1.0043792724609376,"z":0.21607905626296998},"rotation":{"x":0.031834717839956287,"y":0.9071975946426392,"z":-0.06981883198022843,"w":0.41364771127700808},"size":8.071419715881348,"orthographic":false}