{"cameraMode":{"drawMode":0,"name":"Shaded","section":"Shading Mode"},"sceneLighting":false,"audioPlay":false,"sceneViewState":{"showFog":false,"showMaterialUpdate":false,"showSkybox":false,"showFlares":false,"showImageEffects":false,"showParticleSystems":false},"in2DMode":false,"pivot":{"x":310.2003173828125,"y":16.69228744506836,"z":227.74717712402345},"rotation":{"x":0.04405052959918976,"y":0.9556612372398377,"z":-0.21753059327602387,"w":0.19352421164512635},"size":54.90621566772461,"orthographic":false}