{"cameraMode":{"drawMode":0,"name":"Shaded","section":"Shading Mode"},"sceneLighting":false,"audioPlay":false,"sceneViewState":{"showFog":false,"showMaterialUpdate":false,"showSkybox":false,"showFlares":false,"showImageEffects":false,"showParticleSystems":false},"in2DMode":false,"pivot":{"x":-0.16265207529067994,"y":1.1655056476593018,"z":0.08279934525489807},"rotation":{"x":0.08543617278337479,"y":0.5628294944763184,"z":-0.05863809585571289,"w":0.8200519680976868},"size":2.7932355403900148,"orthographic":false}