{"cameraMode":{"drawMode":0,"name":"Shaded","section":"Shading Mode"},"sceneLighting":false,"audioPlay":false,"sceneViewState":{"showFog":false,"showMaterialUpdate":false,"showSkybox":false,"showFlares":false,"showImageEffects":false,"showParticleSystems":false},"in2DMode":false,"pivot":{"x":0.0,"y":1.1387279033660889,"z":-0.01570144295692444},"rotation":{"x":0.031834717839956287,"y":0.9071975946426392,"z":-0.06981883198022843,"w":0.41364771127700808},"size":4.011024475097656,"orthographic":false}