{"cameraMode":{"drawMode":0,"name":"Shaded","section":"Shading Mode"},"sceneLighting":false,"audioPlay":false,"sceneViewState":{"showFog":false,"showMaterialUpdate":false,"showSkybox":false,"showFlares":false,"showImageEffects":false,"showParticleSystems":false},"in2DMode":false,"pivot":{"x":-1.5419387817382813,"y":0.34787559509277346,"z":0.11069965362548828},"rotation":{"x":-0.02294464036822319,"y":0.94026118516922,"z":-0.3334619998931885,"w":-0.06469674408435822},"size":6.404291152954102,"orthographic":false}