{"cameraMode":{"drawMode":0,"name":"Shaded","section":"Shading Mode"},"sceneLighting":false,"audioPlay":false,"sceneViewState":{"showFog":false,"showMaterialUpdate":false,"showSkybox":false,"showFlares":false,"showImageEffects":false,"showParticleSystems":false},"in2DMode":false,"pivot":{"x":-0.0000016689300537109376,"y":1.8239699602127076,"z":-0.00002765655517578125},"rotation":{"x":0.031834717839956287,"y":0.9071975946426392,"z":-0.06981883198022843,"w":0.41364771127700808},"size":12.294849395751954,"orthographic":false}